ID,Title,Year,Cover URL,IMDb Link,Scrape Date
tt3886722,,,,https://www.imdb.com/title/tt3886722/,2026-01-22 08:06:29
tt3886722,,,,https://www.imdb.com/title/tt3886722/,2026-01-22 08:08:39
tt3886723,,,,https://www.imdb.com/title/tt3886723/,2026-01-22 08:08:55
tt3886724,,,,https://www.imdb.com/title/tt3886724/,2026-01-22 08:09:11
tt3886725,,,,https://www.imdb.com/title/tt3886725/,2026-01-22 08:09:27
tt3886726,,,,https://www.imdb.com/title/tt3886726/,2026-01-22 08:09:43
tt3886727,,,,https://www.imdb.com/title/tt3886727/,2026-01-22 08:10:01
tt3886728,,,,https://www.imdb.com/title/tt3886728/,2026-01-22 08:10:17
tt3886729,,,,https://www.imdb.com/title/tt3886729/,2026-01-22 08:10:33
tt3886730,,,,https://www.imdb.com/title/tt3886730/,2026-01-22 08:10:50
tt3886731,,,,https://www.imdb.com/title/tt3886731/,2026-01-22 08:11:06
tt3886732,,,,https://www.imdb.com/title/tt3886732/,2026-01-22 08:11:22
tt3886733,,,,https://www.imdb.com/title/tt3886733/,2026-01-22 08:11:38
tt3886734,,,,https://www.imdb.com/title/tt3886734/,2026-01-22 08:11:55
tt3886735,,,,https://www.imdb.com/title/tt3886735/,2026-01-22 08:12:11
tt3886736,,,,https://www.imdb.com/title/tt3886736/,2026-01-22 08:12:27
tt3886737,,,,https://www.imdb.com/title/tt3886737/,2026-01-22 08:12:43
tt3886738,,,,https://www.imdb.com/title/tt3886738/,2026-01-22 08:12:59
tt3886739,,,,https://www.imdb.com/title/tt3886739/,2026-01-22 08:13:15
tt3886740,,,,https://www.imdb.com/title/tt3886740/,2026-01-22 08:13:32
tt3886741,,,,https://www.imdb.com/title/tt3886741/,2026-01-22 08:13:48
tt3886742,,,,https://www.imdb.com/title/tt3886742/,2026-01-22 08:14:04
tt3886743,,,,https://www.imdb.com/title/tt3886743/,2026-01-22 08:14:20
tt3886744,,,,https://www.imdb.com/title/tt3886744/,2026-01-22 08:14:37
tt3886745,,,,https://www.imdb.com/title/tt3886745/,2026-01-22 08:14:53
tt3886746,,,,https://www.imdb.com/title/tt3886746/,2026-01-22 08:15:09
tt3886747,,,,https://www.imdb.com/title/tt3886747/,2026-01-22 08:15:25
tt3886748,,,,https://www.imdb.com/title/tt3886748/,2026-01-22 08:15:42
tt3886749,,,,https://www.imdb.com/title/tt3886749/,2026-01-22 08:15:58
tt3886750,,,,https://www.imdb.com/title/tt3886750/,2026-01-22 08:16:14
tt3886751,,,,https://www.imdb.com/title/tt3886751/,2026-01-22 08:16:30
tt3886752,,,,https://www.imdb.com/title/tt3886752/,2026-01-22 08:16:46
tt3886753,,,,https://www.imdb.com/title/tt3886753/,2026-01-22 08:17:03
tt3886754,,,,https://www.imdb.com/title/tt3886754/,2026-01-22 08:17:19
tt3886755,,,,https://www.imdb.com/title/tt3886755/,2026-01-22 08:17:35
tt3886756,,,,https://www.imdb.com/title/tt3886756/,2026-01-22 08:17:51
tt3886757,,,,https://www.imdb.com/title/tt3886757/,2026-01-22 08:18:07
tt3886758,,,,https://www.imdb.com/title/tt3886758/,2026-01-22 08:18:24
tt3886759,,,,https://www.imdb.com/title/tt3886759/,2026-01-22 08:18:41
tt3886760,,,,https://www.imdb.com/title/tt3886760/,2026-01-22 08:18:57
tt3886761,,,,https://www.imdb.com/title/tt3886761/,2026-01-22 08:19:13
tt3886762,,,,https://www.imdb.com/title/tt3886762/,2026-01-22 08:19:29
tt3886763,,,,https://www.imdb.com/title/tt3886763/,2026-01-22 08:19:45
tt3886764,,,,https://www.imdb.com/title/tt3886764/,2026-01-22 08:20:02
tt3886765,,,,https://www.imdb.com/title/tt3886765/,2026-01-22 08:20:18
tt3886766,,,,https://www.imdb.com/title/tt3886766/,2026-01-22 08:20:34
tt3886767,,,,https://www.imdb.com/title/tt3886767/,2026-01-22 08:20:50
tt3886768,,,,https://www.imdb.com/title/tt3886768/,2026-01-22 08:21:06
tt3886769,,,,https://www.imdb.com/title/tt3886769/,2026-01-22 08:21:22
tt3886770,,,,https://www.imdb.com/title/tt3886770/,2026-01-22 08:21:38
tt3886771,,,,https://www.imdb.com/title/tt3886771/,2026-01-22 08:21:55
tt3886772,,,,https://www.imdb.com/title/tt3886772/,2026-01-22 08:22:11
tt3886773,,,,https://www.imdb.com/title/tt3886773/,2026-01-22 08:22:27
tt3886774,,,,https://www.imdb.com/title/tt3886774/,2026-01-22 08:22:43
tt3886775,,,,https://www.imdb.com/title/tt3886775/,2026-01-22 08:22:59
tt3886776,,,,https://www.imdb.com/title/tt3886776/,2026-01-22 08:23:16
tt3886777,,,,https://www.imdb.com/title/tt3886777/,2026-01-22 08:23:32
tt3886778,,,,https://www.imdb.com/title/tt3886778/,2026-01-22 08:23:48
tt3886779,,,,https://www.imdb.com/title/tt3886779/,2026-01-22 08:24:04
tt3886780,,,,https://www.imdb.com/title/tt3886780/,2026-01-22 08:24:20
tt3886781,,,,https://www.imdb.com/title/tt3886781/,2026-01-22 08:24:36
tt3886782,,,,https://www.imdb.com/title/tt3886782/,2026-01-22 08:24:53
tt3886783,,,,https://www.imdb.com/title/tt3886783/,2026-01-22 08:25:09
tt3886784,,,,https://www.imdb.com/title/tt3886784/,2026-01-22 08:25:25
tt3886785,,,,https://www.imdb.com/title/tt3886785/,2026-01-22 08:25:41
tt3886786,,,,https://www.imdb.com/title/tt3886786/,2026-01-22 08:25:57
tt3886787,,,,https://www.imdb.com/title/tt3886787/,2026-01-22 08:26:13
tt3886788,,,,https://www.imdb.com/title/tt3886788/,2026-01-22 08:26:31
tt3886789,,,,https://www.imdb.com/title/tt3886789/,2026-01-22 08:26:47
tt3886790,,,,https://www.imdb.com/title/tt3886790/,2026-01-22 08:27:03
tt3886791,,,,https://www.imdb.com/title/tt3886791/,2026-01-22 08:27:19
tt3886792,,,,https://www.imdb.com/title/tt3886792/,2026-01-22 08:27:35
tt3886793,,,,https://www.imdb.com/title/tt3886793/,2026-01-22 08:27:51
tt3886794,,,,https://www.imdb.com/title/tt3886794/,2026-01-22 08:28:07
tt3886795,,,,https://www.imdb.com/title/tt3886795/,2026-01-22 08:28:24
tt3886796,,,,https://www.imdb.com/title/tt3886796/,2026-01-22 08:28:40
tt3886797,,,,https://www.imdb.com/title/tt3886797/,2026-01-22 08:28:59
tt3886798,,,,https://www.imdb.com/title/tt3886798/,2026-01-22 08:29:15
tt3886799,,,,https://www.imdb.com/title/tt3886799/,2026-01-22 08:29:31
tt3886800,,,,https://www.imdb.com/title/tt3886800/,2026-01-22 08:29:47
tt3886801,,,,https://www.imdb.com/title/tt3886801/,2026-01-22 08:30:04
tt3886802,,,,https://www.imdb.com/title/tt3886802/,2026-01-22 08:30:20
tt3886803,,,,https://www.imdb.com/title/tt3886803/,2026-01-22 08:30:36
tt3886804,,,,https://www.imdb.com/title/tt3886804/,2026-01-22 08:30:52
tt3886805,,,,https://www.imdb.com/title/tt3886805/,2026-01-22 08:31:08
tt3886806,,,,https://www.imdb.com/title/tt3886806/,2026-01-22 08:31:24
tt3886807,,,,https://www.imdb.com/title/tt3886807/,2026-01-22 08:31:41
tt3886808,,,,https://www.imdb.com/title/tt3886808/,2026-01-22 08:31:57
tt3886809,,,,https://www.imdb.com/title/tt3886809/,2026-01-22 08:32:13
tt3886810,,,,https://www.imdb.com/title/tt3886810/,2026-01-22 08:32:29
tt3886811,,,,https://www.imdb.com/title/tt3886811/,2026-01-22 08:32:46
tt3886812,,,,https://www.imdb.com/title/tt3886812/,2026-01-22 08:33:02
tt3886813,,,,https://www.imdb.com/title/tt3886813/,2026-01-22 08:33:18
tt3886814,,,,https://www.imdb.com/title/tt3886814/,2026-01-22 08:33:34
tt3886815,,,,https://www.imdb.com/title/tt3886815/,2026-01-22 08:33:50
tt3886816,,,,https://www.imdb.com/title/tt3886816/,2026-01-22 08:34:06
tt3886817,,,,https://www.imdb.com/title/tt3886817/,2026-01-22 08:34:23
tt3886818,,,,https://www.imdb.com/title/tt3886818/,2026-01-22 08:34:39
tt3886819,,,,https://www.imdb.com/title/tt3886819/,2026-01-22 08:34:55
tt3886820,,,,https://www.imdb.com/title/tt3886820/,2026-01-22 08:35:11
tt3886821,,,,https://www.imdb.com/title/tt3886821/,2026-01-22 08:35:27
tt3886822,,,,https://www.imdb.com/title/tt3886822/,2026-01-22 08:35:44
tt3886823,,,,https://www.imdb.com/title/tt3886823/,2026-01-22 08:36:00
tt3886824,N/A,N/A,N/A,https://www.imdb.com/title/tt3886824/,2026-01-22 08:36:16
